"split","row_id","positive_grade"
"train",1,0
"train",2,1
"train",3,0
"train",4,1
"train",5,1
"train",8,0
"train",9,1
"train",10,1
"train",11,1
"train",12,1
"train",14,1
"train",15,1
"train",16,1
"train",17,1
"train",19,1
"train",20,1
"train",21,0
"train",22,1
"train",23,1
"train",24,1
"train",25,1
"train",26,1
"train",28,1
"train",29,1
"train",31,1
"train",32,1
"train",33,1
"train",34,1
"train",36,1
"train",37,0
"train",38,1
"train",39,1
"train",40,1
"train",41,1
"train",42,1
"train",43,1
"train",44,1
"train",45,0
"train",46,1
"train",47,1
"train",48,1
"train",49,1
"train",50,1
"train",51,1
"train",52,1
"train",53,1
"train",54,1
"train",55,1
"train",57,0
"train",58,1
"train",59,1
"train",60,0
"train",61,1
"train",62,1
"train",63,0
"train",64,1
"train",65,0
"train",66,1
"train",67,0
"train",68,1
"train",69,1
"train",71,0
"train",72,1
"train",75,1
"train",77,1
"train",80,1
"train",81,1
"train",83,1
"train",84,1
"train",85,1
"train",86,1
"train",87,1
"train",88,1
"train",90,1
"train",92,1
"train",96,1
"train",97,1
"train",98,1
"train",100,1
"train",101,1
"train",102,0
"train",103,0
"train",104,1
"train",105,0
"train",106,1
"train",107,0
"train",108,1
"train",110,1
"train",111,1
"train",112,1
"train",113,1
"train",114,1
"train",115,1
"train",116,1
"train",117,1
"train",120,1
"train",121,1
"train",122,1
"train",123,0
"train",124,1
"train",125,1
"train",127,1
"train",128,1
"train",129,1
"train",130,1
"train",131,1
"train",132,1
"train",133,1
"train",135,1
"train",136,1
"train",137,1
"train",138,1
"train",140,1
"train",141,1
"train",142,1
"train",143,0
"train",145,1
"train",146,1
"train",147,0
"train",148,1
"train",150,1
"train",157,1
"train",158,1
"train",159,1
"train",160,1
"train",163,1
"train",164,1
"train",165,1
"train",166,1
"train",168,1
"train",169,1
"train",170,1
"train",171,1
"train",172,1
"train",173,1
"train",174,1
"train",175,1
"train",177,1
"train",178,1
"train",179,1
"train",181,1
"train",182,1
"train",183,1
"train",185,0
"train",186,1
"train",187,1
"train",188,1
"train",189,1
"train",191,1
"train",192,1
"train",193,0
"train",194,0
"train",195,1
"train",197,1
"train",198,0
"train",199,1
"train",200,1
"train",201,1
"train",202,1
"train",203,1
"train",204,1
"train",205,1
"train",206,1
"train",207,1
"train",208,1
"train",209,1
"train",210,1
"train",211,1
"train",212,1
"train",213,1
"train",214,0
"train",215,1
"train",216,1
"train",219,1
"train",220,1
"train",222,1
"train",223,1
"train",224,1
"train",225,1
"train",226,1
"train",227,1
"train",228,1
"train",231,1
"train",232,0
"train",233,1
"train",234,1
"train",235,1
"train",236,1
"train",237,1
"train",238,1
"train",239,1
"train",240,1
"train",241,1
"train",243,1
"train",244,0
"train",246,1
"train",247,1
"train",248,1
"train",250,1
"train",252,1
"train",253,1
"train",255,1
"train",256,1
"train",257,1
"train",258,1
"train",260,1
"train",261,1
"train",262,0
"train",263,1
"train",264,1
"train",265,1
"train",266,1
"train",267,1
"train",268,1
"train",269,1
"train",270,1
"train",271,1
"train",272,1
"train",273,1
"train",274,1
"train",275,1
"train",276,1
"train",277,1
"train",278,1
"train",279,1
"train",280,1
"train",281,1
"train",282,1
"train",283,1
"train",284,1
"train",285,1
"train",286,1
"train",288,1
"train",289,1
"train",290,1
"train",291,1
"train",292,1
"train",293,1
"train",294,1
"train",295,1
"train",296,1
"train",298,1
"train",299,1
"train",302,1
"train",303,1
"train",304,1
"train",305,0
"train",306,1
"train",308,1
"train",310,1
"train",312,1
"train",314,1
"train",316,1
"train",317,1
"train",318,1
"train",320,1
"train",321,0
"train",323,1
"train",324,1
"train",325,1
"train",327,1
"train",328,1
"train",329,1
"train",330,1
"train",331,1
"train",332,0
"train",333,1
"train",335,1
"train",336,1
"train",337,1
"train",338,1
"train",339,1
"train",340,1
"train",341,1
"train",342,0
"train",343,1
"train",344,1
"train",345,1
"train",346,1
"train",348,1
"train",349,1
"train",350,1
"train",351,1
"train",353,0
"train",354,1
"train",355,1
"train",356,1
"train",357,1
"train",358,0
"train",359,0
"train",360,0
"train",361,1
"train",362,1
"train",363,1
"train",364,1
"train",365,1
"train",368,1
"train",369,1
"train",370,1
"train",372,1
"train",373,1
"train",374,1
"train",376,1
"train",377,0
"train",378,1
"train",379,1
"train",380,1
"train",382,1
"train",383,1
"train",384,1
"train",385,1
"train",388,1
"train",389,1
"train",391,1
"train",392,1
"train",393,1
"train",394,1
"train",395,1
"train",396,1
"train",397,1
"train",398,1
"train",399,1
"train",400,1
"train",401,1
"train",402,1
"train",403,1
"train",404,1
"train",405,1
"train",406,0
"train",407,1
"train",408,1
"train",409,1
"train",410,0
"train",412,1
"train",413,1
"train",414,1
"train",418,1
"train",419,1
"train",420,0
"train",422,1
"train",423,0
"train",424,1
"train",425,1
"train",426,1
"train",427,1
"train",428,1
"train",430,1
"train",432,1
"train",435,1
"train",436,1
"train",437,1
"train",438,1
"train",441,1
"train",443,1
"train",444,1
"train",445,1
"train",446,1
"train",447,1
"train",449,1
"train",450,1
"train",452,1
"train",455,1
"train",456,1
"train",457,0
"train",459,1
"train",460,1
"train",461,1
"train",462,1
"train",463,1
"train",465,1
"train",466,1
"train",468,1
"train",469,1
"train",470,1
"train",471,1
"train",472,1
"train",473,1
"train",474,1
"train",477,1
"train",478,0
"train",480,1
"train",481,1
"train",482,1
"train",483,0
"train",484,1
"train",485,1
"train",486,1
"train",489,1
"train",490,1
"train",491,1
"train",492,1
"train",493,1
"train",495,1
"train",496,1
"train",497,1
"train",498,1
"train",499,1
"train",503,1
"train",504,1
"train",505,1
"train",506,1
"train",508,1
"train",509,1
"train",510,0
"train",511,1
"train",512,0
"train",515,0
"train",516,0
"train",517,1
"train",518,1
"train",519,1
"train",520,1
"train",522,1
"train",524,1
"train",526,1
"train",527,1
"train",528,0
"train",529,0
"train",530,1
"train",531,1
"train",534,0
"train",535,0
"train",536,1
"train",537,1
"train",538,1
"train",540,1
"train",541,1
"train",543,1
"train",544,1
"train",545,1
"train",546,1
"train",547,1
"train",549,1
"train",551,1
"train",552,1
"train",553,1
"train",554,1
"train",555,0
"train",556,1
"train",557,1
"train",558,0
"train",559,1
"train",560,1
"train",561,1
"train",562,1
"train",568,1
"train",569,1
"train",570,1
"train",571,1
"train",572,1
"train",573,1
"train",574,1
"train",576,0
"train",577,1
"train",579,1
"train",580,1
"train",581,0
"train",582,1
"train",583,1
"train",584,1
"train",586,1
"train",587,1
"train",588,1
"train",589,1
"train",590,1
"train",591,1
"train",592,1
"train",593,1
"train",594,1
"train",595,1
"train",597,1
"train",598,1
"train",599,1
"train",600,1
"train",601,0
"train",602,1
"train",603,1
"train",604,1
"train",605,1
"train",606,0
"train",608,1
"train",609,0
"train",610,1
"train",611,1
"train",612,1
"train",613,1
"train",615,1
"train",616,1
"train",617,1
"train",618,1
"train",619,1
"train",620,1
"train",621,1
"train",622,1
"train",623,1
"train",624,1
"train",625,1
"train",626,1
"train",628,1
"train",629,1
"train",630,1
"train",631,1
"train",632,1
"train",633,1
"train",634,1
"train",635,1
"train",636,1
"train",637,1
"train",638,1
"train",639,1
"train",640,1
"train",641,1
"train",642,1
"train",643,1
"train",644,1
"train",645,0
"train",646,1
"train",647,1
"train",650,1
"train",651,1
"train",652,1
"train",653,1
"train",654,1
"train",655,1
"train",656,1
"train",658,1
"train",659,1
"train",660,0
"train",661,1
"train",662,1
"train",663,1
"train",664,1
"train",665,1
"train",666,1
"train",667,1
"train",668,1
"train",669,0
"train",670,1
"train",672,1
"train",673,1
"train",674,1
"train",675,1
"train",676,1
"train",677,1
"train",678,1
"train",679,1
"train",680,0
"train",681,1
"train",684,0
"train",685,1
"train",686,1
"train",688,1
"train",689,1
"train",690,0
"train",691,0
"train",692,1
"train",693,1
"train",695,1
"train",697,1
"train",699,1
"train",700,1
"train",701,1
"train",702,1
"train",704,0
"train",705,1
"train",706,1
"train",707,1
"train",708,1
"train",709,1
"train",712,0
"train",714,1
"train",715,1
"train",716,1
"train",717,0
"train",718,1
"train",720,1
"train",721,1
"train",722,1
"train",723,0
"train",724,1
"train",725,0
"train",726,1
"train",727,1
"train",728,0
"train",729,0
"train",730,1
"train",731,1
"train",732,1
"train",733,1
"train",734,1
"train",736,1
"train",737,1
"train",738,1
"train",740,1
"train",741,0
"train",742,1
"train",743,1
"train",744,1
"train",746,0
"train",747,1
"train",749,0
"train",751,1
"train",752,1
"train",753,1
"train",754,0
"train",755,1
"train",756,0
"train",757,1
"train",761,1
"train",762,0
"train",763,1
"train",764,1
"train",766,1
"train",767,1
"train",769,1
"train",770,1
"train",771,1
"train",773,1
"train",774,1
"train",775,1
"train",776,1
"train",777,1
"train",779,1
"train",780,1
"train",782,1
"train",783,1
"train",784,1
"train",785,1
"train",786,1
"train",788,1
"train",790,0
"train",791,1
"train",792,1
"train",794,1
"train",796,1
"train",797,1
"train",798,1
"train",799,1
"train",800,1
"train",801,1
"train",802,0
"train",803,1
"train",804,1
"train",805,1
"train",806,1
"train",807,1
"train",808,1
"train",809,0
"train",810,1
"train",811,0
"train",812,1
"train",813,1
"train",814,1
"train",816,1
"train",817,1
"train",818,1
"train",820,1
"train",821,1
"train",822,0
"train",823,1
"train",825,1
"train",826,1
"train",827,1
"train",828,1
"train",829,1
"train",830,0
"train",831,1
"train",832,0
"train",833,1
"train",834,1
"train",835,0
"train",838,1
"train",839,0
"train",841,0
"train",843,0
"train",844,1
"train",845,1
"train",846,0
"train",847,1
"train",848,1
"train",850,1
"train",852,1
"train",853,1
"train",854,1
"train",855,0
"train",856,1
"train",858,0
"train",859,0
"train",860,1
"train",861,1
"train",862,0
"train",863,1
"train",864,1
"train",865,1
"train",867,0
"train",868,0
"train",869,1
"train",870,0
"train",872,1
"train",874,1
"train",875,1
"train",876,1
"train",877,1
"train",880,1
"train",881,1
"train",884,1
"train",885,1
"train",886,1
"train",888,1
"train",889,1
"train",890,1
"train",891,1
"train",893,1
"train",894,0
"train",895,1
"train",896,1
"train",897,1
"train",898,1
"train",899,1
"train",900,1
"train",901,1
"train",902,1
"train",903,1
"train",904,1
"train",905,1
"train",906,1
"train",907,0
"train",908,1
"train",909,1
"train",910,0
"train",911,1
"train",912,1
"train",913,1
"train",916,1
"train",917,0
"train",918,0
"train",920,1
"train",922,1
"train",923,1
"train",924,1
"train",925,1
"train",926,1
"train",929,0
"train",930,0
"train",931,1
"train",932,1
"train",934,1
"train",935,1
"train",937,1
"train",938,1
"train",939,1
"train",940,1
"train",942,1
"train",943,0
"train",944,0
"train",946,1
"train",947,1
"train",948,0
"train",949,1
"train",951,1
"train",952,0
"train",953,1
"train",954,0
"train",956,1
"train",958,1
"train",959,1
"train",962,1
"train",963,1
"train",964,1
"train",965,1
"train",966,1
"train",967,0
"train",968,0
"train",969,0
"train",971,1
"train",972,1
"train",973,0
"train",974,1
"train",975,1
"train",976,1
"train",977,1
"train",978,1
"train",979,1
"train",980,1
"train",982,1
"train",983,1
"train",984,1
"train",985,1
"train",986,1
"train",987,1
"train",988,1
"train",989,1
"train",990,1
"train",991,1
"train",992,1
"train",994,1
"train",995,1
"train",996,1
"train",997,1
"train",998,1
"train",999,1
"train",1000,1
"train",1001,0
"train",1003,0
"train",1005,1
"train",1006,1
"train",1007,1
"train",1008,1
"train",1010,1
"train",1011,1
"train",1012,1
"train",1013,1
"train",1014,0
"train",1015,1
"train",1016,1
"train",1018,1
"train",1019,1
"train",1020,1
"train",1021,1
"train",1022,1
"train",1023,1
"train",1024,1
"train",1025,1
"train",1027,1
"train",1028,1
"train",1029,1
"train",1030,1
"train",1031,1
"train",1032,1
"train",1033,1
"train",1034,1
"train",1035,1
"train",1036,1
"train",1037,0
"train",1038,1
"train",1039,1
"train",1041,1
"train",1043,1
"train",1044,1
"train",1046,0
"train",1047,1
"train",1048,1
"train",1049,1
"train",1050,1
"train",1051,0
"train",1052,1
"train",1053,1
"train",1054,1
"train",1055,1
"train",1056,1
"train",1058,1
"train",1059,1
"train",1060,1
"train",1061,1
"train",1063,1
"train",1065,1
"train",1066,1
"train",1067,1
"train",1068,1
"train",1069,1
"train",1070,1
"train",1071,1
"train",1072,1
"train",1073,1
"train",1074,1
"train",1075,1
"train",1076,1
"train",1077,1
"train",1078,1
"train",1079,0
"train",1080,1
"train",1081,1
"train",1082,1
"train",1083,1
"train",1084,1
"train",1085,1
"train",1086,0
"train",1087,1
"train",1088,1
"train",1089,1
"train",1090,0
"train",1091,1
"train",1092,0
"train",1093,1
"train",1094,1
"train",1096,1
"train",1098,1
"train",1099,1
"train",1100,1
"train",1101,1
"train",1103,1
"train",1104,1
"train",1107,1
"train",1108,1
"train",1109,1
"train",1110,1
"train",1111,1
"train",1112,1
"train",1113,1
"train",1114,1
"train",1115,1
"train",1116,1
"train",1118,1
"train",1119,1
"train",1120,1
"train",1121,1
"train",1122,1
"train",1123,1
"train",1124,1
"train",1125,1
"train",1127,1
"train",1128,1
"train",1129,1
"train",1130,1
"train",1131,1
"train",1132,1
"train",1133,1
"train",1134,1
"train",1135,0
"train",1136,1
"train",1139,1
"train",1140,1
"train",1141,1
"train",1143,1
"train",1144,1
"train",1145,1
"train",1146,1
"train",1149,1
"train",1150,1
"train",1151,1
"train",1152,0
"train",1153,1
"train",1154,1
"train",1155,1
"train",1156,1
"train",1157,1
"train",1159,1
"train",1160,1
"train",1161,1
"train",1162,1
"train",1164,1
"train",1165,1
"train",1169,1
"train",1170,1
"train",1171,1
"train",1172,1
"train",1173,1
"train",1174,1
"train",1175,1
"train",1177,1
"train",1178,1
"train",1180,1
"train",1181,1
"train",1182,1
"train",1184,1
"train",1185,1
"train",1186,1
"train",1188,1
"train",1189,1
"train",1190,1
"train",1191,0
"train",1192,1
"train",1193,0
"train",1194,1
"train",1197,1
"train",1198,1
"train",1199,1
"train",1200,1
"train",1201,1
"train",1202,1
"train",1203,1
"train",1204,1
"train",1205,1
"train",1206,1
"train",1207,1
"train",1209,1
"train",1210,1
"train",1211,0
"train",1212,1
"train",1213,1
"train",1214,1
"train",1215,1
"train",1216,1
"train",1217,1
"train",1218,1
"train",1219,1
"train",1220,1
"train",1221,0
"train",1222,1
"train",1223,0
"train",1224,1
"train",1225,1
"train",1226,1
"train",1227,1
"train",1228,1
"train",1229,1
"train",1230,1
"train",1231,1
"train",1232,1
"train",1233,1
"train",1234,1
"train",1235,1
"train",1236,1
"train",1237,1
"train",1239,1
"train",1240,0
"train",1241,1
"train",1242,1
"train",1243,1
"train",1244,1
"train",1245,1
"train",1247,1
"train",1248,0
"train",1249,1
"train",1250,1
"train",1251,1
"train",1252,1
"train",1253,1
"train",1254,1
"train",1255,1
"train",1256,1
"train",1257,1
"train",1258,1
"train",1259,1
"train",1260,1
"train",1261,1
"train",1262,1
"train",1264,1
"train",1265,1
"train",1266,1
"train",1267,1
"train",1268,1
"train",1269,1
"train",1271,1
"train",1272,1
"train",1275,1
"train",1276,1
"train",1278,1
"train",1279,1
"train",1281,1
"train",1282,1
"train",1283,0
"train",1284,1
"train",1285,1
"train",1286,1
"train",1287,1
"train",1288,1
"train",1289,1
"train",1290,1
"train",1291,1
"train",1292,1
"train",1293,1
"train",1294,1
"train",1295,0
"train",1296,1
"train",1297,0
"train",1299,1
"train",1300,1
"train",1301,1
"train",1302,0
"train",1304,1
"train",1305,1
"train",1306,1
"train",1307,1
"train",1308,1
"train",1309,1
"train",1310,1
"train",1312,1
"train",1314,1
"train",1315,1
"train",1316,1
"train",1317,1
"train",1318,1
"train",1319,1
"train",1320,1
"train",1321,1
"train",1322,1
"train",1323,1
"train",1325,1
"train",1326,1
"train",1328,1
"train",1329,1
"train",1330,1
"train",1331,1
"train",1333,1
"train",1334,1
"train",1336,1
"train",1337,1
"train",1338,1
"train",1339,1
"train",1340,1
"train",1341,1
"train",1342,1
"train",1343,1
"train",1345,1
"train",1346,1
"train",1348,1
"train",1349,1
"train",1350,1
"train",1351,0
"train",1353,1
"train",1354,0
"train",1355,1
"train",1356,1
"train",1357,1
"train",1358,0
"train",1359,0
"train",1360,0
"train",1361,1
"train",1362,1
"train",1363,0
"train",1365,1
"train",1366,0
"train",1367,1
"train",1368,1
"train",1369,1
"train",1371,1
"train",1373,1
"train",1374,1
"train",1375,1
"train",1377,1
"train",1378,0
"train",1379,1
"train",1381,1
"train",1382,0
"train",1383,1
"train",1385,1
"train",1386,1
"train",1387,0
"train",1388,1
"train",1389,0
"train",1391,1
"train",1392,1
"train",1393,0
"train",1395,1
"train",1397,1
"train",1398,1
"train",1400,1
"train",1401,0
"train",1403,1
"train",1404,1
"train",1405,0
"train",1406,0
"train",1408,1
"train",1409,1
"train",1410,1
"train",1411,0
"train",1412,1
"train",1413,1
"train",1414,1
"train",1415,1
"train",1416,1
"train",1417,0
"train",1419,1
"train",1421,1
"train",1422,1
"train",1423,1
"train",1424,1
"train",1425,1
"train",1426,0
"train",1427,1
"train",1428,1
"train",1429,1
"train",1430,1
"train",1431,1
"train",1434,1
"train",1435,1
"train",1436,1
"train",1437,1
"train",1439,1
"train",1440,1
"train",1441,1
"train",1442,1
"train",1443,1
"train",1444,0
"train",1445,1
"train",1446,0
"train",1447,0
"train",1448,1
"train",1449,1
"train",1450,1
"train",1452,1
"train",1455,1
"train",1456,0
"train",1457,1
"train",1460,0
"train",1461,1
"train",1462,1
"train",1463,1
"train",1467,1
"train",1468,1
"train",1469,1
"train",1470,1
"train",1471,1
"train",1473,1
"train",1474,0
"train",1475,1
"train",1477,1
"train",1480,1
"train",1481,1
"train",1482,1
"train",1484,1
"train",1485,1
"train",1486,1
"train",1487,1
"train",1488,1
"train",1490,1
"train",1491,1
"train",1492,1
"train",1493,1
"train",1494,1
"train",1495,0
"train",1496,1
"train",1497,1
"train",1498,1
"train",1499,1
"train",1501,1
"train",1502,1
"train",1503,1
"train",1504,1
"train",1505,1
"train",1506,1
"train",1507,1
"train",1508,0
"train",1509,1
"train",1510,0
"train",1512,1
"train",1513,0
"train",1515,0
"train",1516,1
"train",1517,0
"train",1520,0
"train",1522,1
"train",1523,1
"train",1525,0
"train",1526,1
"train",1527,1
"train",1528,1
"train",1529,1
"train",1530,1
"train",1531,1
"train",1533,1
"train",1535,1
"train",1536,1
"train",1537,0
"train",1538,1
"train",1540,0
"train",1541,1
"train",1545,1
"train",1546,1
"train",1547,1
"train",1548,0
"train",1550,0
"train",1551,1
"train",1552,1
"train",1553,1
"train",1554,1
"train",1555,1
"train",1556,1
"train",1559,0
"train",1560,1
"train",1561,1
"train",1562,1
"train",1563,1
"train",1564,1
"train",1565,1
"train",1566,1
"train",1567,1
"train",1568,1
"train",1569,1
"train",1570,0
"train",1573,0
"train",1574,1
"train",1576,0
"train",1577,1
"train",1578,1
"train",1579,1
"train",1581,1
"train",1582,1
"train",1583,1
"train",1584,1
"train",1585,1
"train",1586,0
"train",1587,1
"train",1589,1
"train",1590,1
"train",1591,1
"train",1594,0
"train",1595,1
"train",1596,1
"train",1597,1
"train",1598,1
"train",1600,1
"train",1601,0
"train",1602,1
"train",1603,1
"train",1604,1
"train",1605,1
"train",1606,1
"train",1608,1
"train",1609,1
"train",1610,1
"train",1611,1
"train",1612,1
"train",1613,1
"train",1614,0
"train",1615,1
"train",1618,1
"train",1619,1
"train",1621,1
"train",1622,1
"train",1625,1
"train",1626,1
"train",1627,1
"train",1628,1
"train",1629,1
"train",1632,0
"train",1633,1
"train",1636,1
"train",1637,1
"train",1638,1
"train",1639,0
"train",1640,1
"train",1641,1
"train",1642,1
"train",1644,1
"train",1646,0
"train",1647,1
"train",1649,1
"train",1650,1
"train",1652,1
"train",1653,1
"train",1655,1
"train",1656,1
"train",1657,1
"train",1658,1
"train",1659,0
"train",1660,0
"train",1661,1
"train",1662,1
"train",1663,1
"train",1664,1
"train",1665,1
"train",1666,1
"train",1667,1
"train",1669,1
"train",1670,1
"train",1671,1
"train",1672,1
"train",1673,1
"train",1675,1
"train",1676,1
"train",1677,0
"train",1679,1
"train",1680,1
"train",1681,1
"train",1683,1
"train",1684,1
"train",1685,1
"train",1686,1
"train",1688,1
"train",1689,0
"train",1690,0
"train",1691,0
"train",1693,1
"train",1694,1
"train",1695,0
"train",1697,1
"train",1698,0
"train",1700,0
"train",1701,1
"train",1702,1
"train",1703,0
"train",1704,1
"train",1708,1
"train",1709,1
"train",1710,1
"train",1712,1
"train",1713,1
"train",1714,1
"train",1715,1
"train",1716,1
"train",1718,1
"train",1719,1
"train",1720,0
"train",1721,1
"train",1722,1
"train",1723,1
"train",1724,1
"train",1725,1
"train",1726,1
"train",1727,1
"train",1728,1
"train",1733,1
"train",1734,1
"train",1735,1
"train",1736,1
"train",1737,1
"train",1738,1
"train",1739,1
"train",1740,0
"train",1741,1
"train",1742,1
"train",1744,1
"train",1745,1
"train",1746,1
"train",1747,1
"train",1748,0
"train",1749,0
"train",1752,0
"train",1753,1
"train",1755,0
"train",1756,1
"train",1757,1
"train",1759,1
"train",1760,1
"train",1761,1
"train",1762,0
"train",1764,1
"train",1766,0
"train",1767,1
"train",1768,1
"train",1769,0
"train",1770,1
"train",1771,1
"train",1772,1
"train",1773,1
"train",1774,1
"train",1775,1
"train",1776,0
"train",1778,1
"train",1779,1
"train",1780,1
"train",1781,1
"train",1782,1
"train",1784,1
"train",1785,1
"train",1786,1
"train",1787,0
"train",1789,1
"train",1790,1
"train",1791,1
"train",1792,0
"train",1793,1
"train",1794,0
"train",1795,1
"train",1796,1
"train",1797,1
"train",1798,1
"train",1799,1
"train",1800,1
"train",1802,1
"train",1803,1
"train",1804,1
"train",1805,0
"train",1807,1
"train",1808,0
"train",1809,1
"train",1810,1
"train",1811,1
"train",1813,1
"train",1814,1
"train",1815,0
"train",1816,1
"train",1817,1
"train",1818,1
"train",1819,0
"train",1820,1
"train",1821,1
"train",1822,1
"train",1823,1
"train",1824,1
"train",1825,1
"train",1826,1
"train",1827,1
"train",1828,1
"train",1829,0
"train",1830,1
"train",1831,1
"train",1832,1
"train",1833,1
"train",1834,1
"train",1835,1
"train",1836,1
"train",1838,1
"train",1840,1
"train",1841,0
"train",1842,1
"train",1846,1
"train",1847,1
"train",1848,1
"train",1849,1
"train",1850,1
"train",1851,0
"train",1853,1
"train",1854,1
"train",1855,1
"train",1856,0
"train",1857,1
"train",1858,1
"train",1859,1
"train",1861,0
"train",1863,1
"train",1864,1
"train",1865,0
"train",1866,1
"train",1869,1
"train",1870,1
"train",1871,0
"train",1872,1
"train",1873,1
"train",1874,0
"train",1875,1
"train",1876,1
"train",1877,0
"train",1878,0
"train",1879,0
"train",1881,1
"train",1882,1
"train",1883,0
"train",1884,0
"train",1885,1
"train",1887,1
"train",1888,0
"train",1890,0
"train",1891,0
"train",1892,1
"train",1893,1
"train",1895,1
"train",1897,1
"train",1898,1
"train",1899,0
"train",1901,1
"train",1902,1
"train",1903,1
"train",1905,1
"train",1907,1
"train",1908,1
"train",1909,1
"train",1911,1
"train",1913,1
"train",1914,1
"train",1916,1
"train",1917,1
"train",1918,1
"train",1919,1
"train",1920,1
"train",1921,1
"train",1923,1
"train",1925,1
"train",1926,1
"train",1927,1
"train",1929,1
"train",1931,1
"train",1932,1
"train",1933,1
"train",1934,1
"train",1935,1
"train",1937,1
"train",1938,1
"train",1939,1
"train",1940,1
"train",1942,1
"train",1943,1
"train",1944,1
"train",1945,1
"train",1946,1
"train",1947,1
"train",1948,1
"train",1949,1
"train",1950,1
"train",1951,0
"train",1952,0
"train",1953,0
"train",1954,1
"train",1955,1
"train",1956,1
"train",1957,1
"train",1958,1
"train",1959,1
"train",1961,1
"train",1962,0
"train",1963,1
"train",1964,1
"train",1965,1
"train",1966,1
"train",1969,1
"train",1970,1
"train",1971,1
"train",1972,1
"train",1973,1
"train",1974,1
"train",1975,1
"train",1977,1
"train",1978,1
"train",1979,1
"train",1980,1
"train",1982,1
"train",1983,1
"train",1984,1
"train",1985,1
"train",1986,1
"train",1988,0
"train",1989,1
"train",1990,1
"train",1991,1
"train",1992,0
"train",1993,1
"train",1994,1
"train",1995,0
"train",1996,1
"train",1997,1
"train",1998,1
"train",1999,1
"train",2000,1
"train",2001,1
"train",2002,1
"train",2003,1
"train",2004,1
"train",2007,1
"train",2009,0
"train",2010,0
"train",2012,1
"train",2013,1
"train",2014,0
"train",2015,0
"train",2016,1
"train",2017,1
"train",2018,1
"train",2019,1
"train",2020,1
"train",2021,0
"train",2023,0
"train",2024,1
"train",2026,1
"train",2028,0
"train",2030,1
"train",2032,1
"train",2033,1
"train",2034,0
"train",2036,1
"train",2037,1
"train",2038,1
"train",2039,1
"train",2040,1
"train",2042,1
"train",2043,1
"train",2044,1
"train",2045,1
"train",2046,1
"train",2047,0
"train",2048,1
"train",2049,1
"train",2050,1
"train",2052,1
"train",2053,1
"train",2054,1
"train",2055,1
"train",2056,1
"train",2057,1
"train",2058,1
"train",2059,1
"train",2060,1
"train",2061,1
"train",2062,1
"train",2063,1
"train",2064,1
"train",2065,1
"train",2066,1
"train",2067,1
"train",2068,1
"train",2069,1
"train",2070,1
"train",2071,1
"train",2072,1
"train",2073,1
"train",2074,1
"train",2075,1
"train",2076,1
"train",2077,1
"train",2078,1
"train",2079,1
"train",2080,1
"train",2081,1
"train",2082,1
"train",2084,1
"train",2085,1
"train",2086,0
"train",2089,1
"train",2091,1
"train",2095,1
"train",2096,1
"train",2097,0
"train",2098,1
"train",2099,1
"train",2100,1
"train",2101,1
"train",2102,1
"train",2103,1
"train",2104,1
"train",2105,1
"train",2106,1
"train",2107,1
"train",2108,1
"train",2109,1
"train",2110,1
"train",2111,1
"train",2112,1
"train",2113,1
"train",2114,1
"train",2115,1
"train",2117,1
"train",2118,1
"train",2119,1
"train",2120,0
"train",2121,1
"train",2122,1
"train",2124,1
"train",2125,0
"train",2127,1
"train",2128,1
"train",2129,0
"train",2131,1
"train",2132,1
"train",2133,1
"train",2134,1
"train",2135,1
"train",2136,0
"train",2137,1
"train",2138,1
"train",2141,1
"train",2143,1
"train",2144,0
"train",2145,1
"train",2146,1
"train",2148,1
"train",2149,1
"train",2150,1
"train",2152,1
"train",2153,1
"train",2154,1
"train",2155,1
"train",2156,1
"train",2157,0
"train",2158,1
"train",2159,1
"train",2160,1
"train",2161,1
"train",2162,1
"train",2163,0
"train",2164,1
"train",2165,1
"train",2168,1
"train",2169,1
"train",2171,1
"train",2172,1
"train",2173,1
"train",2175,1
"train",2176,0
"train",2178,1
"train",2179,1
"train",2180,1
"train",2182,1
"train",2184,1
"train",2185,1
"train",2186,1
"train",2187,1
"train",2190,1
"train",2191,0
"train",2192,0
"train",2195,0
"train",2196,1
"train",2197,1
"train",2199,1
"train",2201,1
"train",2202,1
"train",2204,0
"train",2205,1
"train",2207,0
"train",2209,1
"train",2210,0
"train",2212,1
"train",2215,1
"train",2217,1
"train",2218,1
"train",2219,1
"train",2220,1
"train",2221,1
"train",2222,1
"train",2223,1
"train",2224,0
"train",2225,1
"train",2226,1
"train",2227,1
"train",2228,0
"train",2229,1
"train",2230,1
"train",2231,0
"train",2232,0
"train",2233,1
"train",2234,1
"train",2236,0
"train",2237,1
"train",2238,0
"train",2239,1
"train",2240,0
"train",2241,1
"train",2242,1
"train",2243,1
"train",2244,1
"train",2245,1
"train",2247,1
"train",2248,0
"train",2249,0
"train",2250,1
"train",2251,1
"train",2252,1
"train",2253,1
"train",2254,0
"train",2255,1
"train",2256,1
"train",2257,1
"train",2258,1
"train",2259,1
"train",2260,1
"train",2261,1
"train",2263,1
"train",2264,1
"train",2266,1
"train",2267,1
"train",2268,0
"train",2269,1
"train",2270,0
"train",2272,1
"train",2274,0
"train",2275,0
"train",2276,1
"train",2277,1
"train",2278,1
"train",2279,1
"train",2280,1
"train",2281,1
"train",2282,1
"train",2283,1
"train",2284,1
"train",2285,1
"train",2286,0
"train",2287,1
"train",2288,1
"train",2289,1
"train",2290,0
"train",2292,1
"train",2293,1
"train",2294,1
"train",2295,0
"train",2296,1
"train",2297,1
"train",2299,1
"train",2300,0
"train",2301,1
"train",2302,1
"train",2303,1
"train",2304,1
"train",2306,1
"train",2307,1
"train",2308,0
"train",2309,0
"train",2310,1
"train",2311,1
"train",2313,1
"train",2314,1
"train",2315,1
"train",2317,1
"train",2318,0
"train",2321,1
"train",2322,1
"train",2325,1
"train",2326,1
"train",2327,1
"train",2328,1
"train",2329,0
"train",2330,0
"train",2331,0
"train",2332,0
"train",2333,1
"train",2334,0
"train",2335,1
"train",2336,1
"train",2337,1
"train",2343,1
"train",2344,1
"train",2346,1
"train",2349,0
"train",2350,1
"train",2351,1
"train",2352,1
"train",2353,1
"train",2354,1
"train",2355,0
"train",2357,0
"train",2358,1
"train",2359,1
"train",2361,1
"train",2362,0
"train",2363,1
"train",2364,1
"train",2365,1
"train",2366,1
"train",2367,1
"train",2369,1
"train",2370,1
"train",2371,1
"train",2372,0
"train",2373,0
"train",2374,1
"train",2375,1
"train",2378,0
"train",2379,1
"train",2383,1
"train",2384,1
"train",2386,1
"train",2387,1
"train",2388,0
"train",2389,1
"train",2390,0
"train",2391,1
"train",2392,1
"train",2393,1
"train",2394,0
"train",2395,1
"train",2396,1
"train",2397,0
"train",2399,1
"train",2401,1
"train",2402,1
"train",2403,1
"train",2404,1
"train",2406,1
"train",2407,0
"train",2409,0
"train",2410,1
"train",2415,1
"train",2416,0
"train",2417,1
"train",2418,1
"train",2419,1
"train",2420,1
"train",2421,0
"train",2422,0
"train",2423,1
"train",2424,0
"train",2425,0
"train",2426,0
"train",2427,0
"train",2428,1
"train",2429,1
"train",2431,1
"train",2432,1
"train",2433,1
"train",2434,1
"train",2435,1
"train",2436,1
"train",2437,1
"train",2438,1
"train",2440,1
"train",2441,0
"train",2442,1
"train",2443,1
"train",2444,1
"train",2445,0
"train",2446,1
"train",2448,1
"train",2449,0
"train",2450,1
"train",2451,0
"train",2452,1
"train",2453,1
"train",2454,1
"train",2455,0
"train",2456,1
"train",2457,1
"train",2460,1
"train",2461,1
"train",2462,0
"train",2463,0
"train",2464,0
"train",2465,1
"train",2466,1
"train",2467,1
"train",2468,1
"train",2469,1
"train",2470,0
"train",2471,1
"train",2474,0
"train",2475,1
"train",2476,0
"train",2477,1
"train",2478,1
"train",2479,1
"train",2483,1
"train",2486,1
"train",2487,0
"train",2488,0
"train",2489,1
"train",2490,1
"train",2491,1
"train",2492,1
"train",2493,1
"train",2494,1
"train",2496,1
"train",2497,0
"train",2498,1
"train",2499,0
"train",2500,1
"train",2501,1
"train",2502,1
"train",2503,1
"train",2505,0
"train",2506,1
"train",2508,1
"train",2509,0
"train",2510,1
"train",2511,1
"train",2512,1
"train",2513,1
"train",2514,1
"train",2515,1
"train",2516,1
"train",2517,1
"train",2518,1
"train",2519,1
"train",2522,1
"train",2523,1
"train",2524,0
"train",2525,1
"train",2526,1
"train",2527,1
"train",2529,1
"train",2530,1
"train",2531,1
"train",2532,1
"train",2533,1
"train",2534,1
"train",2535,1
"train",2536,1
"train",2538,1
"train",2539,1
"train",2542,1
"train",2544,0
"train",2546,1
"train",2547,1
"train",2549,1
"train",2550,1
"train",2551,1
"train",2552,1
"train",2554,1
"train",2555,1
"train",2556,1
"train",2557,1
"train",2558,0
"train",2561,1
"train",2562,1
"train",2563,1
"train",2564,1
"train",2565,1
"train",2566,1
"train",2567,1
"train",2570,1
"train",2571,1
"train",2572,1
"train",2576,1
"train",2577,1
"train",2578,1
"train",2579,1
"train",2580,1
"train",2581,1
"train",2582,0
"train",2584,1
"train",2585,1
"train",2586,1
"train",2587,1
"train",2589,1
"train",2590,1
"train",2592,1
"train",2594,1
"train",2596,1
"train",2597,1
"train",2598,0
"train",2599,1
"train",2600,1
"train",2601,1
"train",2602,1
"train",2603,1
"train",2604,0
"train",2605,1
"train",2606,1
"train",2607,1
"train",2608,1
"train",2610,1
"train",2611,1
"train",2612,1
"train",2613,1
"train",2614,0
"train",2615,1
"train",2616,1
"train",2617,1
"train",2618,1
"train",2619,1
"train",2620,1
"train",2621,1
"train",2622,1
"train",2624,1
"train",2625,1
"train",2626,1
"train",2628,1
"train",2630,1
"train",2632,1
"train",2634,1
"train",2635,1
"train",2636,1
"train",2637,1
"train",2639,1
"train",2640,1
"train",2641,0
"train",2642,1
"train",2643,1
"train",2645,1
"train",2646,0
"train",2648,1
"train",2649,1
"train",2650,1
"train",2651,1
"train",2652,1
"train",2653,1
"train",2654,0
"train",2655,1
"train",2656,1
"train",2657,0
"train",2658,1
"train",2659,0
"train",2661,1
"train",2662,1
"train",2663,1
"train",2664,0
"train",2666,1
"train",2668,1
"train",2669,1
"train",2671,1
"train",2672,1
"train",2674,1
"train",2675,1
"train",2676,1
"train",2677,1
"train",2678,1
"train",2679,0
"train",2681,1
"train",2683,1
"train",2684,1
"train",2685,0
"train",2686,1
"train",2687,1
"train",2688,0
"train",2689,0
"train",2690,1
"train",2691,1
"train",2692,1
"train",2693,1
"train",2694,1
"train",2695,1
"train",2696,1
"train",2697,0
"train",2699,1
"train",2700,1
"train",2701,0
"train",2702,1
"train",2703,0
"train",2705,0
"train",2706,1
"train",2707,1
"train",2708,0
"train",2709,1
"train",2710,1
"train",2711,1
"train",2712,0
"train",2713,1
"train",2714,1
"train",2715,1
"train",2716,1
"train",2718,1
"train",2719,1
"train",2720,1
"train",2721,1
"train",2722,1
"train",2723,1
"train",2724,1
"train",2725,1
"train",2727,1
"train",2728,1
"train",2729,1
"train",2730,1
"train",2731,1
"train",2732,1
"train",2733,1
"train",2734,1
"train",2735,1
"train",2736,1
"train",2738,1
"train",2739,1
"train",2740,1
"train",2741,1
"train",2742,1
"train",2743,1
"train",2744,1
"train",2745,1
"train",2747,1
"train",2748,0
"train",2749,0
"train",2750,1
"train",2752,1
"train",2754,1
"train",2755,1
"train",2758,0
"train",2759,0
"train",2760,1
"train",2761,1
"train",2762,1
"train",2764,1
"train",2765,1
"train",2766,1
"train",2768,0
"train",2769,1
"train",2770,1
"train",2772,1
"train",2773,1
"train",2774,1
"train",2775,1
"train",2776,1
"train",2777,0
"train",2781,1
"train",2782,1
"train",2783,1
"train",2785,1
"train",2786,1
"train",2787,1
"train",2788,1
"train",2789,0
"train",2790,0
"train",2791,1
"train",2792,1
"train",2794,0
"train",2795,0
"train",2797,0
"train",2798,1
"train",2799,1
"train",2800,1
"train",2801,1
"train",2802,0
"train",2803,1
"train",2805,1
"train",2806,1
"train",2807,1
"train",2808,1
"train",2809,1
"train",2811,1
"train",2812,1
"train",2813,1
"train",2814,1
"train",2816,1
"train",2817,1
"train",2818,1
"train",2819,1
"train",2820,1
"train",2821,1
"train",2822,0
"train",2823,1
"train",2824,1
"train",2825,1
"train",2826,1
"train",2827,1
"train",2828,1
"train",2829,1
"train",2831,1
"train",2832,1
"train",2833,1
"train",2834,1
"train",2835,1
"train",2837,0
"train",2839,0
"train",2840,1
"train",2841,1
"train",2842,1
"train",2843,1
"train",2844,0
"train",2845,1
"train",2846,1
"train",2847,1
"train",2848,0
"train",2849,1
"train",2850,1
"train",2851,0
"train",2853,1
"train",2854,1
"train",2855,0
"train",2858,0
"train",2859,1
"train",2860,1
"train",2861,1
"train",2862,1
"train",2863,1
"train",2864,1
"train",2865,1
"train",2866,1
"train",2867,0
"train",2868,1
"train",2869,1
"train",2871,1
"train",2872,0
"train",2874,1
"train",2875,0
"train",2876,1
"train",2877,0
"train",2878,1
"train",2880,1
"train",2881,1
"train",2882,1
"train",2884,1
"train",2885,1
"train",2887,1
"train",2888,1
"train",2889,1
"train",2890,1
"train",2891,1
"train",2892,0
"train",2893,1
"train",2894,1
"train",2895,1
"train",2896,1
"train",2897,1
"train",2899,1
"train",2900,0
"train",2901,1
"train",2902,0
"train",2903,1
"train",2904,1
"train",2905,1
"train",2906,1
"train",2907,1
"train",2908,1
"train",2910,1
"train",2911,0
"train",2912,1
"train",2913,0
"train",2914,1
"train",2916,1
"train",2917,1
"train",2918,1
"train",2921,0
"train",2922,1
"train",2923,1
"train",2924,1
"train",2925,1
"train",2926,1
"train",2927,1
"train",2928,1
"train",2930,1
"train",2931,1
"train",2932,1
"train",2933,0
"train",2934,1
"train",2935,0
"train",2936,1
"train",2937,0
"train",2938,1
"train",2939,1
"train",2940,0
"train",2941,1
"train",2943,1
"train",2944,1
"train",2945,1
"train",2946,1
"train",2947,0
"train",2948,1
"train",2949,1
"train",2950,1
"train",2951,1
"train",2952,1
"train",2954,0
"train",2955,1
"train",2956,0
"train",2957,0
"train",2958,1
"train",2960,1
"train",2962,1
"train",2963,1
"train",2964,1
"train",2967,1
"train",2968,0
"train",2969,1
"train",2971,1
"train",2972,1
"train",2973,1
"train",2974,1
"train",2975,0
"train",2976,1
"train",2977,1
"train",2978,1
"train",2979,1
"train",2980,1
"train",2981,1
"train",2982,1
"train",2983,1
"train",2984,1
"train",2985,1
"train",2986,1
"train",2987,1
"train",2988,1
"train",2989,1
"train",2990,1
"train",2991,1
"train",2993,0
"train",2994,1
"train",2996,1
"train",2997,1
"train",2998,1
"train",2999,1
"train",3000,0
"train",3001,1
"train",3003,1
"train",3004,1
"train",3005,1
"train",3006,1
"train",3007,1
"train",3008,1
"train",3010,1
"train",3011,1
"train",3012,1
"train",3013,1
"train",3014,1
"train",3015,0
"train",3016,1
"train",3017,1
"train",3018,1
"train",3019,1
"train",3020,1
"train",3022,1
"train",3023,1
"train",3024,0
"train",3025,0
"train",3026,1
"train",3027,1
"train",3028,1
"train",3029,1
"train",3030,1
"train",3031,1
"train",3032,1
"train",3034,1
"train",3035,1
"train",3036,1
"train",3037,0
"train",3038,1
"train",3039,1
"train",3040,1
"train",3041,1
"train",3043,1
"train",3044,1
"train",3045,1
"train",3046,1
"train",3047,1
"train",3048,1
"train",3049,1
"train",3050,1
"train",3051,1
"train",3052,1
"train",3054,1
"train",3055,1
"train",3056,1
"train",3057,1
"train",3060,1
"train",3061,1
"train",3063,1
"train",3064,1
"train",3065,1
"train",3066,0
"train",3067,1
"train",3068,1
"train",3069,1
"train",3071,1
"train",3072,0
"train",3073,1
"train",3074,1
"train",3075,1
"train",3076,1
"train",3077,1
"train",3079,1
"train",3081,1
"train",3083,1
"train",3084,0
"train",3085,1
"train",3086,1
"train",3087,1
"train",3088,1
"train",3089,1
"train",3090,0
"train",3092,1
"train",3093,1
"train",3095,1
"train",3097,1
"train",3098,1
"train",3099,1
"train",3102,1
"train",3103,1
"train",3104,0
"train",3105,1
"train",3106,1
"train",3108,1
"train",3110,1
"train",3114,1
"train",3115,1
"train",3116,1
"train",3117,0
"train",3118,1
"train",3119,1
"train",3120,1
"train",3121,1
"train",3122,1
"train",3123,1
"train",3126,1
"train",3127,1
"train",3129,1
"train",3130,1
"train",3131,1
"train",3132,1
"train",3133,1
"train",3135,1
"train",3136,0
"train",3137,1
"train",3138,1
"train",3139,1
"train",3140,1
"train",3141,1
"train",3142,1
"train",3143,1
"train",3144,1
"train",3145,1
"train",3149,1
"train",3150,1
"train",3152,0
"train",3153,1
"train",3155,1
"train",3156,1
"train",3157,1
"train",3158,1
"train",3160,1
"train",3161,0
"train",3162,1
"train",3163,1
"train",3164,1
"train",3166,1
"train",3167,1
"train",3168,1
"train",3169,1
"train",3170,1
"train",3172,1
"train",3173,1
"train",3174,1
"train",3175,1
"train",3177,1
"train",3178,1
"train",3179,1
"train",3180,1
"train",3181,1
"train",3182,1
"train",3183,1
"train",3184,1
"train",3185,1
"train",3186,0
"train",3188,0
"train",3189,1
"train",3190,0
"train",3191,0
"train",3192,1
"train",3193,1
"train",3194,1
"train",3195,1
"train",3197,1
"train",3198,1
"train",3199,0
"train",3200,1
"train",3201,0
"train",3203,1
"train",3204,1
"train",3205,1
"train",3206,0
"train",3208,1
"train",3209,1
"train",3210,1
"train",3212,0
"train",3213,1
"train",3215,1
"train",3216,1
"train",3217,1
"train",3219,1
"train",3220,0
"train",3221,1
"train",3222,1
"train",3224,0
"train",3225,1
"train",3227,1
"train",3229,1
"train",3230,1
"train",3231,1
"train",3232,1
"train",3233,1
"train",3234,0
"train",3235,1
"train",3236,1
"train",3237,1
"train",3238,1
"train",3239,1
"train",3240,1
"train",3241,1
"train",3242,1
"train",3243,1
"train",3244,1
"train",3245,1
"train",3246,1
"train",3249,1
"train",3250,1
"train",3251,1
"train",3252,1
"train",3253,0
"train",3255,1
"train",3258,1
"train",3259,1
"train",3260,1
"train",3261,1
"train",3263,0
"train",3264,1
"train",3265,1
"train",3266,1
"train",3267,1
"train",3268,1
"train",3269,0
"train",3271,1
"train",3272,1
"train",3273,1
"train",3274,1
"train",3275,1
"train",3277,1
"train",3278,1
"train",3279,1
"train",3281,1
"train",3282,1
"train",3283,1
"train",3284,1
"train",3285,1
"train",3286,1
"train",3287,1
"train",3288,1
"train",3289,1
"train",3290,1
"train",3291,1
"train",3292,1
"train",3294,1
"train",3295,1
"train",3298,1
"train",3299,1
"train",3300,0
"train",3301,0
"train",3302,1
"train",3303,1
"train",3304,1
"train",3305,1
"train",3306,1
"train",3307,1
"train",3308,1
"train",3309,1
"train",3310,0
"train",3311,1
"train",3312,1
"train",3313,1
"train",3314,1
"train",3315,0
"train",3316,1
"train",3317,1
"train",3319,1
"train",3320,1
"train",3321,1
"train",3322,0
"train",3323,1
"train",3324,1
"train",3325,0
"train",3326,1
"train",3327,1
"train",3328,1
"train",3329,1
"train",3331,1
"train",3333,1
"train",3334,1
"train",3335,1
"train",3336,1
"train",3337,1
"train",3339,1
"train",3340,1
"train",3341,0
"train",3342,1
"train",3343,1
"train",3344,1
"train",3345,1
"train",3346,1
"train",3347,0
"train",3348,0
"train",3349,1
"train",3350,1
"train",3351,1
"train",3352,1
"train",3355,1
"train",3357,1
"train",3358,0
"train",3359,0
"train",3360,1
"train",3361,1
"train",3362,1
"train",3363,1
"train",3365,1
"train",3366,1
"train",3367,1
"train",3369,1
"train",3370,1
"train",3371,0
"train",3372,1
"train",3373,1
"train",3374,1
"train",3375,1
"train",3376,1
"train",3377,1
"train",3378,1
"train",3379,1
"train",3380,1
"train",3381,1
"train",3382,1
"train",3385,1
"train",3386,1
"train",3387,1
"train",3388,1
"train",3389,1
"train",3390,1
"train",3391,1
"train",3392,1
"train",3395,1
"train",3396,1
"train",3397,1
"train",3399,1
"train",3400,1
"train",3401,1
"train",3402,1
"train",3403,1
"train",3404,1
"train",3406,0
"train",3407,1
"train",3408,1
"train",3409,0
"train",3410,1
"train",3411,1
"train",3412,1
"train",3414,0
"train",3415,1
"train",3416,1
"train",3417,1
"train",3421,1
"train",3422,0
"train",3423,1
"train",3424,1
"train",3427,1
"train",3428,1
"train",3429,1
"train",3430,0
"train",3431,1
"train",3433,1
"train",3435,1
"train",3436,1
"train",3438,1
"train",3440,1
"train",3441,1
"train",3442,1
"train",3443,1
"train",3445,1
"train",3446,1
"train",3447,1
"train",3448,0
"train",3449,1
"train",3450,1
"train",3451,1
"train",3452,1
"train",3455,1
"train",3456,1
"train",3458,1
"train",3459,1
"train",3461,1
"train",3466,0
"train",3468,1
"train",3469,1
"train",3470,1
"train",3471,1
"train",3472,1
"train",3474,1
"train",3475,0
"train",3476,1
"train",3477,1
"train",3478,1
"train",3479,1
"train",3480,1
"train",3481,1
"train",3482,0
"train",3483,0
"train",3485,1
"train",3486,1
"train",3487,1
"train",3489,1
"train",3491,0
"train",3492,0
"train",3493,1
"train",3494,0
"train",3495,1
"train",3496,1
"train",3497,1
"train",3498,1
"train",3499,1
"train",3500,0
"train",3501,1
"train",3502,1
"train",3503,1
"train",3504,1
"train",3505,1
"train",3506,0
"train",3507,0
"train",3508,1
"train",3510,1
"train",3511,1
"train",3512,1
"train",3513,0
"train",3514,1
"train",3515,1
"train",3516,1
"train",3518,1
"train",3519,1
"train",3521,1
"train",3522,1
"train",3523,1
"train",3526,1
"train",3527,1
"train",3528,1
"train",3534,0
"train",3536,1
"train",3537,0
"train",3538,0
"train",3539,1
"train",3540,1
"train",3542,1
"train",3543,1
"train",3544,1
"train",3545,1
"train",3546,1
"train",3547,1
"train",3548,0
"train",3549,0
"train",3550,1
"train",3551,1
"train",3552,0
"train",3553,1
"train",3554,1
"train",3555,1
"train",3556,1
"train",3558,0
"train",3559,1
"train",3560,1
"train",3561,1
"train",3562,1
"train",3564,1
"train",3565,0
"train",3566,1
"train",3567,1
"train",3568,1
"train",3570,0
"train",3571,1
"train",3572,1
"train",3573,1
"train",3574,0
"train",3575,1
"train",3576,1
"train",3577,1
"train",3578,1
"train",3579,0
"train",3581,1
"train",3582,1
"train",3588,1
"train",3589,1
"train",3590,0
"train",3591,0
"train",3592,1
"train",3593,1
"train",3594,1
"train",3595,1
"train",3596,1
"train",3598,1
"train",3599,1
"train",3600,1
"train",3601,0
"train",3602,1
"train",3605,1
"train",3607,1
"train",3608,0
"train",3609,1
"train",3610,0
"train",3611,1
"train",3612,1
"train",3613,1
"train",3614,1
"train",3615,1
"train",3616,1
"train",3620,1
"train",3622,1
"train",3623,1
"train",3624,1
"train",3627,1
"train",3628,1
"train",3629,0
"train",3630,1
"train",3631,1
"train",3633,1
"train",3634,1
"train",3635,1
"train",3637,1
"train",3639,1
"train",3640,1
"train",3641,1
"train",3643,1
"train",3644,1
"train",3645,1
"train",3646,1
"train",3647,1
"train",3648,0
"train",3649,1
"train",3650,1
"train",3652,1
"train",3657,1
"train",3658,1
"train",3660,1
"train",3663,1
"train",3668,0
"train",3669,1
"train",3670,1
"train",3671,1
"train",3673,1
"train",3674,1
"train",3675,1
"train",3677,1
"train",3679,1
"train",3682,1
"train",3683,0
"train",3684,0
"train",3685,1
"train",3688,1
"train",3689,1
"train",3690,1
"train",3691,1
"train",3692,1
"train",3693,1
"train",3694,1
"train",3696,1
"train",3698,1
"train",3699,1
"train",3700,0
"train",3701,1
"train",3702,1
"train",3704,0
"train",3706,1
"train",3707,1
"train",3708,0
"train",3709,1
"train",3711,1
"train",3712,0
"train",3714,0
"train",3716,1
"train",3717,1
"train",3718,0
"train",3720,1
"train",3721,1
"train",3722,1
"train",3723,0
"train",3726,1
"train",3727,0
"train",3728,1
"train",3729,1
"train",3730,1
"train",3731,1
"train",3732,1
"train",3734,1
"train",3735,1
"train",3736,1
"train",3737,1
"train",3739,1
"train",3740,1
"train",3741,1
"train",3743,1
"train",3744,1
"train",3746,0
"train",3747,1
"train",3748,1
"train",3749,0
"train",3750,1
"train",3751,1
"train",3754,1
"train",3755,1
"train",3756,1
"train",3757,1
"train",3758,1
"train",3759,1
"train",3760,0
"train",3761,1
"train",3762,0
"train",3763,1
"train",3764,1
"train",3765,1
"train",3766,1
"train",3767,1
"train",3769,1
"train",3770,1
"train",3771,0
"train",3772,1
"train",3773,1
"train",3774,0
"train",3775,1
"train",3777,1
"train",3778,1
"train",3780,1
"train",3781,1
"train",3782,1
"train",3783,1
"train",3784,1
"train",3785,1
"train",3786,1
"train",3788,1
"train",3790,1
"train",3791,1
"train",3792,1
"train",3794,0
"train",3795,1
"train",3796,1
"train",3797,1
"train",3799,1
"train",3800,0
"train",3801,0
"train",3802,1
"train",3803,1
"train",3805,1
"train",3807,1
"train",3808,1
"train",3809,1
"train",3811,1
"train",3812,1
"train",3814,1
"train",3815,1
"train",3816,1
"train",3818,1
"train",3819,0
"train",3820,0
"train",3821,1
"train",3822,0
"train",3823,1
"train",3825,1
"train",3826,0
"train",3828,1
"train",3829,1
"train",3830,1
"train",3832,1
"train",3833,1
"train",3834,0
"train",3836,1
"train",3837,1
"train",3839,1
"train",3840,0
"train",3841,1
"train",3842,1
"train",3843,1
"train",3844,1
"train",3845,1
"train",3846,0
"train",3847,1
"train",3848,0
"train",3849,1
"train",3850,1
"train",3851,0
"train",3852,1
"train",3853,1
"train",3854,1
"train",3856,1
"train",3857,1
"train",3858,1
"train",3859,0
"train",3860,1
"train",3861,1
"train",3862,1
"train",3863,1
"train",3864,1
"train",3865,1
"train",3866,1
"train",3867,0
"train",3868,1
"train",3869,1
"train",3870,1
"train",3871,1
"train",3872,1
"train",3873,1
"train",3874,1
"train",3877,1
"train",3878,1
"train",3879,1
"train",3881,1
"train",3882,1
"train",3883,1
"train",3884,1
"train",3885,1
"train",3886,1
"train",3887,1
"train",3888,1
"train",3889,1
"train",3890,1
"train",3891,1
"train",3892,1
"train",3893,1
"train",3894,1
"train",3895,1
"train",3897,1
"train",3898,1
"train",3899,1
"train",3900,1
"train",3901,1
"train",3902,1
"train",3903,1
"train",3904,1
"train",3905,0
"train",3907,1
"train",3909,1
"train",3910,0
"train",3912,1
"train",3913,1
"train",3915,1
"train",3917,1
"train",3919,1
"train",3920,1
"train",3921,1
"train",3922,1
"train",3923,1
"train",3924,1
"train",3925,1
"train",3926,1
"train",3927,1
"train",3928,1
"train",3929,0
"train",3933,1
"train",3934,1
"train",3936,1
"train",3939,1
"train",3940,1
"train",3943,1
"train",3944,0
"train",3945,0
"train",3946,1
"train",3947,0
"train",3948,0
"train",3949,1
"train",3950,1
"train",3951,1
"train",3952,0
"train",3953,1
"train",3954,1
"train",3955,1
"train",3956,0
"train",3957,1
"train",3958,1
"train",3959,1
"train",3960,1
"train",3961,0
"train",3963,1
"train",3964,1
"train",3966,1
"train",3967,1
"train",3969,1
"train",3970,1
"train",3971,1
"train",3973,1
"train",3974,1
"train",3975,1
"train",3976,1
"train",3978,1
"train",3979,1
"train",3981,1
"train",3982,1
"train",3983,1
"train",3984,1
"train",3985,0
"train",3986,1
"train",3987,1
"train",3988,1
"train",3989,1
"train",3991,1
"train",3992,1
"train",3993,1
"train",3994,1
"train",3995,1
"train",3997,1
"train",3998,1
"train",3999,1
"train",4000,1
"train",4002,0
"train",4003,1
"train",4004,1
"train",4005,1
"train",4006,0
"train",4008,1
"train",4009,1
"train",4010,0
"train",4012,1
"train",4013,0
"train",4014,1
"train",4015,1
"train",4016,1
"train",4017,1
"train",4019,1
"train",4020,1
"train",4021,1
"train",4022,1
"train",4023,1
"train",4024,1
"train",4026,1
"train",4027,1
"train",4028,1
"train",4029,1
"train",4030,1
"train",4031,1
"train",4032,1
"train",4033,1
"train",4035,0
"train",4036,0
"train",4037,1
"train",4038,1
"train",4039,1
"train",4042,1
"train",4043,1
"train",4044,1
"train",4046,0
"train",4048,1
"train",4049,1
"train",4050,1
"train",4051,0
"train",4052,1
"train",4053,1
"train",4054,1
"train",4055,1
"train",4058,1
"train",4059,1
"train",4061,1
"train",4064,1
"train",4066,1
"train",4067,1
"train",4068,0
"train",4069,1
"train",4070,1
"train",4071,1
"train",4072,1
"train",4073,1
"train",4075,1
"train",4076,0
"train",4077,1
"train",4078,1
"train",4079,1
"train",4080,1
"train",4083,1
"train",4084,1
"train",4085,0
"train",4087,1
"train",4088,1
"train",4090,1
"train",4091,1
"train",4092,1
"train",4093,1
"train",4094,1
"train",4095,1
"train",4096,1
"train",4097,1
"train",4098,1
"train",4099,0
"train",4101,1
"train",4105,1
"train",4106,1
"train",4108,1
"train",4109,1
"train",4110,1
"train",4111,1
"train",4112,1
"train",4113,1
"train",4114,0
"train",4118,1
"train",4120,1
"train",4123,1
"train",4124,1
"train",4126,1
"train",4127,1
"train",4128,1
"train",4129,1
"train",4130,1
"train",4131,1
"train",4132,1
"train",4133,1
"train",4134,1
"train",4135,1
"train",4137,1
"train",4138,1
"train",4139,1
"train",4140,1
"train",4142,1
"train",4143,1
"train",4145,1
"train",4146,0
"train",4148,1
"train",4149,1
"train",4151,1
"train",4152,1
"train",4154,0
"train",4155,1
"train",4156,1
"train",4157,1
"train",4160,1
"train",4161,1
"train",4162,1
"train",4164,1
"train",4165,0
"train",4167,1
"train",4169,1
"train",4170,0
"train",4171,1
"train",4172,1
"train",4173,1
"train",4174,1
"train",4175,1
"train",4177,1
"train",4178,1
"train",4179,1
"train",4180,1
"train",4181,1
"train",4182,0
"train",4183,1
"train",4184,1
"train",4187,1
"train",4188,1
"train",4190,1
"train",4191,1
"train",4192,1
"train",4193,1
"train",4194,1
"train",4195,1
"train",4197,1
"train",4198,1
"train",4199,1
"train",4200,1
"train",4201,1
"train",4202,1
"train",4203,0
"train",4204,1
"train",4205,1
"train",4206,1
"train",4208,1
"train",4212,1
"train",4213,1
"train",4214,1
"train",4215,1
"train",4216,0
"train",4217,0
"train",4218,1
"train",4219,1
"train",4220,1
"train",4221,1
"train",4222,1
"train",4224,1
"train",4225,1
"train",4226,1
"train",4227,1
"train",4228,1
"train",4229,1
"train",4230,1
"train",4231,1
"train",4232,1
"train",4235,1
"train",4236,1
"train",4237,1
"train",4238,1
"train",4239,1
"train",4240,1
"train",4241,1
"train",4242,1
"train",4243,1
"train",4244,1
"train",4245,1
"train",4246,0
"train",4247,1
"train",4248,1
"train",4249,1
"train",4251,1
"train",4254,1
"train",4256,1
"train",4258,1
"train",4259,1
"train",4260,1
"train",4261,0
"train",4262,1
"train",4263,1
"train",4265,1
"train",4266,1
"train",4267,0
"train",4268,1
"train",4269,1
"train",4270,1
"train",4271,1
"train",4272,1
"train",4273,1
"train",4275,1
"train",4276,1
"train",4277,1
"train",4278,1
"train",4281,1
"train",4283,1
"train",4285,1
"train",4286,1
"train",4287,1
"train",4288,1
"train",4289,1
"train",4291,1
"train",4292,0
"train",4294,1
"train",4295,1
"train",4298,1
"train",4299,1
"train",4301,1
"train",4302,0
"train",4304,1
"train",4305,1
"train",4306,1
"train",4307,0
"train",4308,0
"train",4309,0
"train",4310,1
"train",4311,1
"train",4313,1
"train",4314,1
"train",4315,0
"train",4316,1
"train",4319,1
"train",4320,1
"train",4321,1
"train",4322,1
"train",4323,1
"train",4324,1
"train",4325,1
"train",4327,1
"train",4331,0
"train",4332,0
"train",4333,1
"train",4334,1
"train",4335,1
"train",4336,1
"train",4337,1
"train",4338,1
"train",4339,1
"train",4340,1
"train",4342,1
"train",4343,1
"train",4344,1
"train",4345,1
"train",4347,1
"train",4348,1
"train",4350,1
"train",4351,1
"train",4352,1
"train",4353,1
"train",4354,0
"train",4355,1
"train",4356,1
"train",4357,1
"train",4362,1
"train",4364,1
"train",4367,1
"train",4368,1
"train",4369,0
"train",4370,1
"train",4371,0
"train",4372,1
"train",4374,1
"train",4377,1
"train",4378,1
"train",4379,1
"train",4380,1
"train",4382,0
"train",4384,1
"train",4385,1
"train",4386,0
"train",4387,1
"train",4388,1
"train",4389,1
"train",4390,1
"train",4392,1
"train",4393,1
"train",4394,1
"train",4395,1
"train",4396,1
"train",4397,1
"train",4398,1
"train",4399,1
"train",4401,1
"train",4402,1
"train",4403,1
"train",4404,1
"train",4405,1
"train",4406,1
"train",4407,1
"train",4409,1
"train",4410,1
"train",4411,1
"train",4414,1
"train",4415,1
"train",4416,1
"train",4417,1
"train",4418,1
"train",4419,1
"train",4420,1
"train",4421,1
"train",4423,1
"train",4424,1
"test",6,1
"test",7,1
"test",13,0
"test",18,1
"test",27,1
"test",30,1
"test",35,1
"test",56,1
"test",70,1
"test",73,0
"test",74,1
"test",76,1
"test",78,1
"test",79,1
"test",82,0
"test",89,1
"test",91,0
"test",93,1
"test",94,1
"test",95,1
"test",99,1
"test",109,1
"test",118,1
"test",119,1
"test",126,1
"test",134,1
"test",139,1
"test",144,1
"test",149,1
"test",151,0
"test",152,1
"test",153,1
"test",154,1
"test",155,1
"test",156,1
"test",161,1
"test",162,1
"test",167,0
"test",176,1
"test",180,1
"test",184,1
"test",190,1
"test",196,0
"test",217,1
"test",218,1
"test",221,1
"test",229,0
"test",230,1
"test",242,1
"test",245,1
"test",249,1
"test",251,1
"test",254,1
"test",259,1
"test",287,1
"test",297,1
"test",300,1
"test",301,1
"test",307,1
"test",309,1
"test",311,1
"test",313,1
"test",315,1
"test",319,1
"test",322,1
"test",326,1
"test",334,1
"test",347,1
"test",352,1
"test",366,1
"test",367,1
"test",371,1
"test",375,0
"test",381,1
"test",386,1
"test",387,1
"test",390,1
"test",411,1
"test",415,1
"test",416,1
"test",417,1
"test",421,1
"test",429,0
"test",431,1
"test",433,1
"test",434,0
"test",439,0
"test",440,1
"test",442,1
"test",448,1
"test",451,1
"test",453,1
"test",454,1
"test",458,1
"test",464,1
"test",467,1
"test",475,0
"test",476,1
"test",479,1
"test",487,1
"test",488,1
"test",494,1
"test",500,1
"test",501,1
"test",502,1
"test",507,1
"test",513,1
"test",514,0
"test",521,1
"test",523,1
"test",525,1
"test",532,0
"test",533,1
"test",539,1
"test",542,1
"test",548,1
"test",550,1
"test",563,1
"test",564,1
"test",565,1
"test",566,1
"test",567,0
"test",575,0
"test",578,1
"test",585,1
"test",596,1
"test",607,0
"test",614,1
"test",627,1
"test",648,1
"test",649,1
"test",657,1
"test",671,1
"test",682,1
"test",683,1
"test",687,1
"test",694,1
"test",696,1
"test",698,1
"test",703,1
"test",710,0
"test",711,0
"test",713,1
"test",719,1
"test",735,0
"test",739,1
"test",745,1
"test",748,1
"test",750,1
"test",758,1
"test",759,1
"test",760,1
"test",765,1
"test",768,1
"test",772,0
"test",778,1
"test",781,1
"test",787,1
"test",789,1
"test",793,1
"test",795,1
"test",815,1
"test",819,1
"test",824,1
"test",836,1
"test",837,1
"test",840,1
"test",842,1
"test",849,1
"test",851,1
"test",857,1
"test",866,1
"test",871,1
"test",873,1
"test",878,1
"test",879,1
"test",882,0
"test",883,1
"test",887,1
"test",892,0
"test",914,1
"test",915,0
"test",919,1
"test",921,1
"test",927,1
"test",928,1
"test",933,1
"test",936,1
"test",941,1
"test",945,1
"test",950,0
"test",955,1
"test",957,1
"test",960,0
"test",961,1
"test",970,1
"test",981,1
"test",993,1
"test",1002,0
"test",1004,1
"test",1009,1
"test",1017,1
"test",1026,1
"test",1040,1
"test",1042,1
"test",1045,1
"test",1057,1
"test",1062,0
"test",1064,1
"test",1095,1
"test",1097,0
"test",1102,0
"test",1105,1
"test",1106,0
"test",1117,0
"test",1126,1
"test",1137,1
"test",1138,1
"test",1142,1
"test",1147,0
"test",1148,1
"test",1158,1
"test",1163,1
"test",1166,1
"test",1167,1
"test",1168,1
"test",1176,1
"test",1179,1
"test",1183,1
"test",1187,1
"test",1195,1
"test",1196,1
"test",1208,1
"test",1238,1
"test",1246,1
"test",1263,0
"test",1270,1
"test",1273,1
"test",1274,0
"test",1277,1
"test",1280,1
"test",1298,1
"test",1303,0
"test",1311,1
"test",1313,1
"test",1324,1
"test",1327,1
"test",1332,1
"test",1335,1
"test",1344,1
"test",1347,1
"test",1352,1
"test",1364,0
"test",1370,1
"test",1372,1
"test",1376,0
"test",1380,0
"test",1384,1
"test",1390,1
"test",1394,1
"test",1396,1
"test",1399,1
"test",1402,1
"test",1407,1
"test",1418,1
"test",1420,1
"test",1432,1
"test",1433,1
"test",1438,1
"test",1451,1
"test",1453,0
"test",1454,1
"test",1458,1
"test",1459,1
"test",1464,1
"test",1465,1
"test",1466,1
"test",1472,1
"test",1476,1
"test",1478,1
"test",1479,1
"test",1483,1
"test",1489,0
"test",1500,1
"test",1511,0
"test",1514,1
"test",1518,1
"test",1519,0
"test",1521,1
"test",1524,1
"test",1532,1
"test",1534,1
"test",1539,1
"test",1542,0
"test",1543,1
"test",1544,0
"test",1549,0
"test",1557,0
"test",1558,0
"test",1571,1
"test",1572,0
"test",1575,1
"test",1580,0
"test",1588,1
"test",1592,0
"test",1593,1
"test",1599,1
"test",1607,1
"test",1616,1
"test",1617,1
"test",1620,1
"test",1623,1
"test",1624,1
"test",1630,0
"test",1631,1
"test",1634,1
"test",1635,1
"test",1643,1
"test",1645,1
"test",1648,1
"test",1651,1
"test",1654,1
"test",1668,1
"test",1674,1
"test",1678,1
"test",1682,1
"test",1687,1
"test",1692,0
"test",1696,1
"test",1699,1
"test",1705,1
"test",1706,1
"test",1707,0
"test",1711,1
"test",1717,1
"test",1729,0
"test",1730,1
"test",1731,1
"test",1732,1
"test",1743,1
"test",1750,1
"test",1751,1
"test",1754,1
"test",1758,1
"test",1763,1
"test",1765,1
"test",1777,1
"test",1783,1
"test",1788,1
"test",1801,1
"test",1806,0
"test",1812,1
"test",1837,1
"test",1839,1
"test",1843,1
"test",1844,1
"test",1845,1
"test",1852,1
"test",1860,1
"test",1862,1
"test",1867,1
"test",1868,0
"test",1880,1
"test",1886,1
"test",1889,1
"test",1894,0
"test",1896,1
"test",1900,1
"test",1904,1
"test",1906,1
"test",1910,1
"test",1912,1
"test",1915,1
"test",1922,1
"test",1924,1
"test",1928,1
"test",1930,1
"test",1936,1
"test",1941,1
"test",1960,1
"test",1967,1
"test",1968,1
"test",1976,1
"test",1981,1
"test",1987,1
"test",2005,0
"test",2006,1
"test",2008,1
"test",2011,1
"test",2022,0
"test",2025,1
"test",2027,0
"test",2029,1
"test",2031,1
"test",2035,1
"test",2041,1
"test",2051,1
"test",2083,1
"test",2087,0
"test",2088,1
"test",2090,1
"test",2092,1
"test",2093,1
"test",2094,1
"test",2116,0
"test",2123,1
"test",2126,1
"test",2130,1
"test",2139,1
"test",2140,1
"test",2142,1
"test",2147,1
"test",2151,1
"test",2166,1
"test",2167,1
"test",2170,1
"test",2174,1
"test",2177,1
"test",2181,0
"test",2183,1
"test",2188,1
"test",2189,1
"test",2193,1
"test",2194,1
"test",2198,1
"test",2200,0
"test",2203,1
"test",2206,1
"test",2208,1
"test",2211,1
"test",2213,1
"test",2214,1
"test",2216,1
"test",2235,1
"test",2246,1
"test",2262,1
"test",2265,1
"test",2271,0
"test",2273,1
"test",2291,1
"test",2298,1
"test",2305,0
"test",2312,1
"test",2316,1
"test",2319,0
"test",2320,1
"test",2323,1
"test",2324,1
"test",2338,0
"test",2339,1
"test",2340,1
"test",2341,0
"test",2342,1
"test",2345,1
"test",2347,1
"test",2348,1
"test",2356,1
"test",2360,1
"test",2368,1
"test",2376,1
"test",2377,1
"test",2380,1
"test",2381,1
"test",2382,1
"test",2385,1
"test",2398,1
"test",2400,1
"test",2405,1
"test",2408,0
"test",2411,0
"test",2412,1
"test",2413,1
"test",2414,1
"test",2430,1
"test",2439,1
"test",2447,1
"test",2458,1
"test",2459,0
"test",2472,0
"test",2473,1
"test",2480,1
"test",2481,0
"test",2482,1
"test",2484,1
"test",2485,1
"test",2495,1
"test",2504,1
"test",2507,1
"test",2520,1
"test",2521,1
"test",2528,1
"test",2537,1
"test",2540,1
"test",2541,1
"test",2543,1
"test",2545,1
"test",2548,1
"test",2553,1
"test",2559,1
"test",2560,1
"test",2568,1
"test",2569,1
"test",2573,1
"test",2574,1
"test",2575,1
"test",2583,1
"test",2588,1
"test",2591,0
"test",2593,1
"test",2595,1
"test",2609,1
"test",2623,1
"test",2627,1
"test",2629,1
"test",2631,1
"test",2633,1
"test",2638,0
"test",2644,1
"test",2647,1
"test",2660,1
"test",2665,1
"test",2667,1
"test",2670,1
"test",2673,1
"test",2680,1
"test",2682,1
"test",2698,1
"test",2704,1
"test",2717,0
"test",2726,1
"test",2737,1
"test",2746,1
"test",2751,0
"test",2753,0
"test",2756,1
"test",2757,1
"test",2763,1
"test",2767,1
"test",2771,1
"test",2778,1
"test",2779,1
"test",2780,1
"test",2784,1
"test",2793,1
"test",2796,1
"test",2804,1
"test",2810,1
"test",2815,0
"test",2830,0
"test",2836,1
"test",2838,1
"test",2852,1
"test",2856,1
"test",2857,1
"test",2870,1
"test",2873,1
"test",2879,1
"test",2883,1
"test",2886,1
"test",2898,1
"test",2909,1
"test",2915,0
"test",2919,1
"test",2920,0
"test",2929,0
"test",2942,1
"test",2953,1
"test",2959,1
"test",2961,1
"test",2965,1
"test",2966,1
"test",2970,1
"test",2992,1
"test",2995,1
"test",3002,1
"test",3009,1
"test",3021,1
"test",3033,1
"test",3042,1
"test",3053,1
"test",3058,0
"test",3059,1
"test",3062,1
"test",3070,0
"test",3078,0
"test",3080,1
"test",3082,1
"test",3091,1
"test",3094,1
"test",3096,1
"test",3100,1
"test",3101,1
"test",3107,1
"test",3109,1
"test",3111,0
"test",3112,1
"test",3113,1
"test",3124,1
"test",3125,1
"test",3128,1
"test",3134,1
"test",3146,1
"test",3147,1
"test",3148,1
"test",3151,1
"test",3154,1
"test",3159,1
"test",3165,1
"test",3171,1
"test",3176,0
"test",3187,0
"test",3196,0
"test",3202,1
"test",3207,1
"test",3211,1
"test",3214,0
"test",3218,1
"test",3223,1
"test",3226,1
"test",3228,1
"test",3247,1
"test",3248,1
"test",3254,1
"test",3256,1
"test",3257,1
"test",3262,1
"test",3270,1
"test",3276,1
"test",3280,1
"test",3293,1
"test",3296,1
"test",3297,1
"test",3318,0
"test",3330,1
"test",3332,1
"test",3338,1
"test",3353,1
"test",3354,1
"test",3356,1
"test",3364,0
"test",3368,1
"test",3383,1
"test",3384,0
"test",3393,1
"test",3394,1
"test",3398,1
"test",3405,1
"test",3413,1
"test",3418,1
"test",3419,1
"test",3420,1
"test",3425,0
"test",3426,1
"test",3432,1
"test",3434,1
"test",3437,1
"test",3439,1
"test",3444,1
"test",3453,1
"test",3454,1
"test",3457,1
"test",3460,0
"test",3462,1
"test",3463,1
"test",3464,1
"test",3465,1
"test",3467,1
"test",3473,0
"test",3484,1
"test",3488,0
"test",3490,1
"test",3509,1
"test",3517,0
"test",3520,1
"test",3524,1
"test",3525,1
"test",3529,1
"test",3530,1
"test",3531,1
"test",3532,1
"test",3533,1
"test",3535,1
"test",3541,1
"test",3557,1
"test",3563,0
"test",3569,1
"test",3580,1
"test",3583,0
"test",3584,1
"test",3585,1
"test",3586,1
"test",3587,0
"test",3597,1
"test",3603,1
"test",3604,1
"test",3606,1
"test",3617,1
"test",3618,1
"test",3619,1
"test",3621,1
"test",3625,1
"test",3626,1
"test",3632,1
"test",3636,1
"test",3638,1
"test",3642,0
"test",3651,1
"test",3653,1
"test",3654,1
"test",3655,1
"test",3656,1
"test",3659,1
"test",3661,0
"test",3662,1
"test",3664,1
"test",3665,1
"test",3666,1
"test",3667,1
"test",3672,1
"test",3676,1
"test",3678,1
"test",3680,1
"test",3681,0
"test",3686,1
"test",3687,1
"test",3695,0
"test",3697,1
"test",3703,0
"test",3705,1
"test",3710,1
"test",3713,1
"test",3715,0
"test",3719,1
"test",3724,1
"test",3725,1
"test",3733,0
"test",3738,1
"test",3742,1
"test",3745,0
"test",3752,1
"test",3753,1
"test",3768,1
"test",3776,1
"test",3779,1
"test",3787,0
"test",3789,1
"test",3793,0
"test",3798,0
"test",3804,1
"test",3806,1
"test",3810,1
"test",3813,1
"test",3817,1
"test",3824,1
"test",3827,1
"test",3831,1
"test",3835,1
"test",3838,1
"test",3855,1
"test",3875,0
"test",3876,0
"test",3880,1
"test",3896,1
"test",3906,1
"test",3908,1
"test",3911,1
"test",3914,1
"test",3916,1
"test",3918,1
"test",3930,1
"test",3931,1
"test",3932,1
"test",3935,0
"test",3937,1
"test",3938,1
"test",3941,1
"test",3942,0
"test",3962,1
"test",3965,1
"test",3968,0
"test",3972,1
"test",3977,1
"test",3980,1
"test",3990,1
"test",3996,1
"test",4001,0
"test",4007,1
"test",4011,0
"test",4018,0
"test",4025,1
"test",4034,0
"test",4040,1
"test",4041,1
"test",4045,1
"test",4047,1
"test",4056,1
"test",4057,1
"test",4060,0
"test",4062,1
"test",4063,1
"test",4065,1
"test",4074,1
"test",4081,0
"test",4082,1
"test",4086,1
"test",4089,1
"test",4100,0
"test",4102,1
"test",4103,1
"test",4104,1
"test",4107,1
"test",4115,1
"test",4116,1
"test",4117,1
"test",4119,1
"test",4121,1
"test",4122,1
"test",4125,1
"test",4136,1
"test",4141,0
"test",4144,1
"test",4147,1
"test",4150,1
"test",4153,1
"test",4158,1
"test",4159,1
"test",4163,1
"test",4166,1
"test",4168,1
"test",4176,1
"test",4185,1
"test",4186,0
"test",4189,1
"test",4196,1
"test",4207,1
"test",4209,0
"test",4210,1
"test",4211,1
"test",4223,1
"test",4233,1
"test",4234,1
"test",4250,1
"test",4252,1
"test",4253,1
"test",4255,1
"test",4257,1
"test",4264,1
"test",4274,1
"test",4279,1
"test",4280,0
"test",4282,1
"test",4284,1
"test",4290,1
"test",4293,1
"test",4296,1
"test",4297,1
"test",4300,1
"test",4303,1
"test",4312,1
"test",4317,1
"test",4318,1
"test",4326,1
"test",4328,0
"test",4329,1
"test",4330,1
"test",4341,1
"test",4346,1
"test",4349,1
"test",4358,1
"test",4359,1
"test",4360,1
"test",4361,1
"test",4363,1
"test",4365,1
"test",4366,0
"test",4373,0
"test",4375,1
"test",4376,0
"test",4381,1
"test",4383,1
"test",4391,1
"test",4400,1
"test",4408,1
"test",4412,1
"test",4413,1
"test",4422,1
